S,B,is_validation,status,latency_s,memory,energy_j,latency_p10_s,latency_p90_s,n_rep,mem_baseline_bytes,n_energy,power_avg_w,flops_counted,error_stage
32,1,0,ok,0.0008085555000434397,18789376,0.035006063055780114,0.0007501349000278879,0.0008851233999678244,300,13767680,2474,33.55071192315358,18450432.0,
32,2,0,ok,0.0007684809999943809,18899968,0.03197272378025355,0.0007239511999500792,0.0010130576999756622,300,13779968,2603,42.31562006680364,36900864.0,
32,4,0,ok,0.0007826169999987087,19121152,0.03239632237871675,0.0007239072999880136,0.0012309216999938147,300,13804544,2556,42.324234577691705,73801728.0,
32,8,0,ok,0.0007680379999897013,19563520,0.034804606525911705,0.0007237239999653867,0.0009332630000130848,300,13853696,2605,45.47510875989767,147603456.0,
32,16,0,ok,0.0007209604999900421,15000576,0.0354363963963964,0.0006740439000054721,0.0008244485000318493,300,13952000,2775,48.67136286452273,295206912.0,
32,32,0,ok,0.0009356919999845559,16245760,0.0569377923292797,0.0007728623000389234,0.0013325748999875487,300,14148608,2138,55.158125497488186,590413824.0,
32,64,0,ok,0.0009624065000082282,18736128,0.06681577681577681,0.0009209126999962791,0.001013438899974517,300,14541824,2079,68.96977172329215,1180827648.0,
32,95,1,ok,0.0018769904999942355,47395840,0.13066791744840525,0.0018541765999998462,0.0019255114999850776,300,14922752,1066,68.82546558670661,1752791040.0,
32,98,1,ok,0.001921042999981637,48443392,0.1333992322456814,0.0018931273999953646,0.00195581729997798,300,14959616,1042,68.64016437634952,1808142336.0,
32,128,0,ok,0.0023647200000027624,59368448,0.1714243498817967,0.0023246140999901854,0.002413740999975289,300,15328256,846,71.02984607767331,2361655296.0,
32,167,1,ok,0.0031386355000222466,72572416,0.21776802507836993,0.0031033622999757427,0.0031879300999946734,300,15807488,638,69.50212533503412,3081222144.0,
32,256,0,ok,0.004472580000026483,103695360,0.3077857142857143,0.004397254999958022,0.004533346000016536,251,16901120,448,68.51880766956704,4723310592.0,
48,1,1,ok,0.0007982920000131344,14281216,0.03335315243415802,0.0007689536000214048,0.0008937626000317778,300,13783040,2506,42.51059414047369,41121792.0,
48,2,1,ok,0.0007690570000136177,14105600,0.03748366013071896,0.0007052914000098554,0.001046492500012164,300,13810688,2601,45.043812847842254,82243584.0,
48,4,1,ok,0.001022984500025359,14455808,0.04422852760736196,0.0009395846000018083,0.0011682801000461043,300,13865984,1956,44.60313492595822,164487168.0,
48,8,1,ok,0.0007628609999983382,15156224,0.04082418001525553,0.0007123867000245809,0.0008629612000163434,300,13976576,2622,53.8599521870796,328974336.0,
48,16,1,ok,0.0007701400000144076,16557056,0.045017327685791295,0.000722643300019854,0.0008610134000150538,300,14197760,2597,60.40587814720629,657948672.0,
48,32,1,ok,0.0008519004999811841,19358720,0.0619118398637138,0.0008137406999935593,0.0009063638000100129,300,14640128,2348,69.58500717373357,1315897344.0,
48,64,1,ok,0.0013037695000264193,24962048,0.09428273615635178,0.0012527742999736803,0.0013468170000351166,300,15524864,1535,69.64857680212008,2631794688.0,
48,95,1,ok,0.002476895499995635,53208064,0.17017945544554455,0.0024257472999920536,0.0025180710000370253,300,16381952,808,68.17356000466597,3906570240.0,
48,98,1,ok,0.0025009400000328696,54120448,0.17165,0.0024601927999754027,0.0025405411999940954,300,16464896,800,67.90950207655239,4029935616.0,
48,128,1,ok,0.003198008999987678,66577408,0.2196661341853035,0.003128581100003203,0.003261465699955579,300,17294336,626,68.21368998392984,5263589376.0,
48,167,1,ok,0.004268824999996923,82248192,0.29328997867803835,0.004217105399982301,0.004318043400019178,257,18372608,469,68.00050731474035,6867339264.0,
48,256,1,ok,0.006334847999994508,118113280,0.43589240506329113,0.006259326799988685,0.006434895199993207,185,20833280,316,68.59663636581338,10527178752.0,
64,1,0,ok,0.0008475429999919015,23995392,0.036728389830508475,0.0007767374000081873,0.0010301312000194685,300,13804544,2360,46.624451514796085,72861696.0,
64,2,0,ok,0.0007893179999882705,24142848,0.042073401736385165,0.0007516641000393065,0.0008607284000447635,300,13853696,2534,54.20022347691521,145723392.0,
64,4,0,ok,0.0007965360000241617,24929280,0.04534050179211469,0.0007708407999984957,0.0008799435000184985,300,13952000,2511,58.00286740091612,291446784.0,
64,8,0,ok,0.0007426054999939424,17819136,0.05314142538975501,0.0006983437000428694,0.0009183233999976897,300,14148608,2694,54.26972025035581,582893568.0,
64,16,0,ok,0.0007662974999789185,19523072,0.05262107279693487,0.000702533000008998,0.0008475146000193946,300,14541824,2610,68.37985290539359,1165787136.0,
64,32,0,ok,0.0009997639999710373,23847936,0.06893153423288355,0.0009464257999809433,0.001248886500007984,300,15328256,2001,67.10129676695391,2331574272.0,
64,64,0,ok,0.0017399169999805508,33678336,0.1198,0.0016726530000198635,0.001775393600001962,300,16901120,1150,68.0005337851872,4663148544.0,
64,95,1,ok,0.00405952999997794,60367872,0.2763265720081136,0.004017875500011314,0.004103924500014955,276,18424832,493,67.61885363381712,6921861120.0,
64,98,1,ok,0.004165661000001819,61689856,0.2859438669438669,0.004106956399994033,0.004216520799968748,267,18572288,481,68.31332048503347,7140446208.0,
64,128,0,ok,0.005331292999983361,76669952,0.3658377659574468,0.005282903399989891,0.005379778000008173,212,20046848,376,68.48432398503964,9326297088.0,
64,167,1,ok,0.007095333999984632,95145472,0.48880851063829783,0.0069824671999924705,0.007171361499990781,162,21963776,282,68.69795922700627,12167903232.0,
64,256,0,ok,0.010288138000021263,138298368,0.7410820512820513,0.010234838200005925,0.010404077800001233,107,26338304,195,71.30313834918302,18652594176.0,
112,1,1,ok,0.0008387230000153068,24299520,0.04464234800838574,0.0008040372999971624,0.0009226103000173682,300,13905920,2385,54.40028304497236,222492672.0,
112,2,1,ok,0.0008485295000184578,24751104,0.04839779474130619,0.0007864689000200542,0.0009606426000061674,300,14056448,2358,57.049547873760005,444985344.0,
112,4,1,ok,0.0007642380000163485,18724352,0.053512800917080626,0.0007359773999780827,0.0009270225000193483,300,14357504,2617,68.01870107992836,889970688.0,
112,8,1,ok,0.0008969195000076979,21439488,0.06451838565022422,0.0008412215000021206,0.000997724699988112,300,14959616,2230,69.61944998575945,1779941376.0,
112,16,1,ok,0.0014268379999577974,29008896,0.09755706134094151,0.0013342881000028227,0.0014723405000211186,300,16163840,1402,66.73723640058462,3559882752.0,
112,32,1,ok,0.00269838100001607,44262400,0.18529514824797844,0.0026827688000366835,0.002742710100028489,300,18572288,742,68.11566041218629,7119765504.0,
112,64,1,ok,0.005174144499989097,75228160,0.351984496124031,0.005059121600004346,0.005227864700020746,248,23847936,387,67.90518022487306,14239531008.0,
112,95,1,ok,0.01174271399997906,158659584,0.7981169590643276,0.011645797299991045,0.011820601100015437,94,28435456,171,67.874634234634,21136803840.0,
112,98,1,ok,0.01237966100001131,175946752,0.8441851851851853,0.0123016944000085,0.012502655800011553,90,28507136,162,67.97886889998068,21804281856.0,
112,128,1,ok,0.015430121999997937,205849600,1.050376923076923,0.01535732819995701,0.015560366600004727,69,33022976,130,67.81651826755092,28479062016.0,
112,167,1,ok,0.020671464999992395,273746944,1.4110721649484537,0.020430502900040892,0.02106018930001028,50,38921216,97,67.92297121394937,37156276224.0,
112,256,1,ok,0.03116772900000342,396559360,2.1019538461538465,0.030991652000011527,0.03139892699999791,31,52290560,65,67.32751311136323,56958124032.0,
128,1,0,ok,0.0011361019999753807,24437760,0.056266325951164105,0.0010442269000122905,0.0015786144000458082,300,13952000,1761,58.44135295012031,290506752.0,
128,2,0,ok,0.0008028759999945123,17819648,0.047108747993579454,0.000738965800024971,0.000881961100026274,300,14148608,2492,58.91089159713724,581013504.0,
128,4,0,ok,0.0008044955000059417,19523584,0.057221149979895455,0.00074060680001935,0.0010450703999936195,300,14541824,2487,68.95296661355498,1162027008.0,
128,8,0,ok,0.001052135999998427,23847936,0.07180063124671225,0.0009670094999989943,0.0010717330999568731,300,15328256,1901,67.09855187321723,2324054016.0,
128,16,0,ok,0.0017350124999779837,33678336,0.11811795316565481,0.0016653883000401493,0.001777089999978898,300,16901120,1153,66.71274364032541,4648108032.0,
128,32,0,ok,0.003346861500006071,53601280,0.22745484949832775,0.0032950976000392985,0.00345466089997899,300,20046848,598,67.40085091797808,9296216064.0,
128,64,0,ok,0.006318752999987964,119342080,0.4292555205047319,0.006271958400009226,0.006377409599997464,192,26338304,317,67.65410620741831,18592432128.0,
128,95,1,ok,0.012971447000040826,171049984,0.8781161290322581,0.012871048600004542,0.013109891399983553,85,32629760,155,67.46009351325601,27598141440.0,
128,98,1,ok,0.013618663999977798,189236224,0.9291564625850341,0.013539668000021265,0.013827132000017173,81,33022976,147,67.95245471031231,28469661696.0,
128,128,0,ok,0.017384419999984857,223544320,1.1753879310344828,0.017267274000005273,0.017489215000011882,61,38921216,116,67.51900271436554,37184864256.0,
128,167,1,ok,0.023201182000036624,297526272,1.5680574712643678,0.02292293879996805,0.02349475099999836,43,47309824,87,67.66826774209744,48514627584.0,
128,256,0,ok,0.0346875044999706,431948800,2.2361034482758617,0.034509528300031886,0.034926165299987134,28,64087040,58,64.48281809908232,74369728512.0,
224,1,0,ok,0.0009664400000133355,18725376,0.06137971014492753,0.0009442206999892733,0.0010680912000452735,300,14357504,2070,64.14375755810035,889030656.0,
224,2,0,ok,0.0008027339999898686,21439488,0.054347110754414125,0.000740076199969053,0.0011536942999896388,300,14959616,2492,64.60526343369091,1778061312.0,
224,4,0,ok,0.0014022395000381493,29008896,0.09514085494043448,0.0013049635999834663,0.001457962900013854,300,16163840,1427,66.89262459124666,3556122624.0,
224,8,0,ok,0.002718113000014455,44262400,0.18410597826086958,0.0026677335999920615,0.0027383103999795823,300,18572288,736,67.39617588192989,7112245248.0,
224,16,0,ok,0.005124831999978596,75228160,0.3468593350383632,0.0050152859999741395,0.005203950500032306,256,23847936,391,67.17139771257725,14224490496.0,
224,32,0,ok,0.009687849000044935,174699520,0.6538357487922705,0.009555469400004313,0.00972724359997983,127,33022976,207,67.48879683554044,28448980992.0,
224,64,0,ok,0.018732279500000004,334881792,1.265626168224299,0.01851641499998209,0.01879841889999625,58,52290560,107,67.83886299424701,56897961984.0,
224,95,1,ok,0.04100485250000929,492012544,2.7791632653061225,0.040862939100009044,0.04127224660002184,24,70956032,49,67.6906193519646,84457912320.0,
224,98,1,ok,0.04359927349997861,548310016,2.9569130434782607,0.04327228919997879,0.04391723719999163,22,72762368,46,67.73078600936918,87125004288.0,
224,128,0,ok,0.05442541099998266,654435328,3.666891891891892,0.05421397869998827,0.054648341800032085,18,91350016,37,67.34093862578251,113795923968.0,
224,167,1,ok,0.07482215400000314,877560832,5.03011111111111,0.0738300307999907,0.0759465721999959,13,114418688,27,67.66518659236861,148468119552.0,
224,256,0,ok,0.11142587100002288,1293018112,7.161166666666667,0.11077364279996686,0.11246185729997364,10,168944640,18,64.3607219417493,227591847936.0,
256,1,0,ok,0.0007931570000039301,19524608,0.05704123711340206,0.00074521759999584,0.0009848343999749435,300,14541824,2522,69.50395700161978,1161086976.0,
256,2,0,ok,0.0009060715000259734,23847936,0.06131476449275363,0.0008308413000008841,0.0009441604999892661,300,15328256,2208,65.58720220486639,2322173952.0,
256,4,0,ok,0.0017261330000337693,33678336,0.11730543572044866,0.0016835277000154746,0.0017716132000032303,300,16901120,1159,67.77073512179463,4644347904.0,
256,8,0,ok,0.003423474500038992,53601280,0.23248717948717948,0.0033818935000454074,0.00349241290007285,300,20046848,585,67.00130997771093,9288695808.0,
256,16,0,ok,0.006181213999980173,119342080,0.4190771604938272,0.006149891799987017,0.00627981519999139,199,26338304,324,67.60965971640273,18577391616.0,
256,32,0,ok,0.011942149000049085,223544320,0.8433630952380953,0.011830047800026477,0.01213939809998692,104,38921216,168,70.05879676297653,37154783232.0,
256,64,0,ok,0.023553750000019136,431948800,1.595905882352941,0.023487681400001747,0.023623377599983543,43,64087040,85,67.68734072265809,74309566464.0,
256,95,1,ok,0.05113735500003713,639230976,3.3783250000000002,0.05084304879999309,0.051428720999979305,19,89252864,40,65.96682159574353,110303262720.0,
256,98,1,ok,0.05472365949998448,712049664,3.657810810810811,0.05394367400001556,0.055329871500009634,18,91350016,37,66.8809014721036,113786523648.0,
256,128,0,ok,0.06793681299996024,848757760,4.756566666666667,0.06767506539993065,0.06836379149997356,14,114418688,30,69.91669817165054,148619132928.0,
256,167,1,ok,0.09271865650003974,1140917248,6.168227272727273,0.09104473890001827,0.09353926040002988,10,145875968,22,67.17258174376923,193901524992.0,
256,256,0,ok,0.1381035535000592,1683088384,9.060466666666667,0.13725718750004035,0.1392419228000108,10,215081984,15,65.62140047254246,297238265856.0,
352,1,1,ok,0.0009005725000292841,23847936,0.06377307519135524,0.0008509212999683769,0.0009292512000229181,300,15242240,2221,68.97090140993944,2194900992.0,
352,2,1,ok,0.0017454990000373982,32588800,0.11827225130890051,0.0016636155000128382,0.001777263300039067,300,16729088,1146,67.11347292085155,4389801984.0,
352,4,1,ok,0.0033535289999804263,53257216,0.22699329983249578,0.003293947499923888,0.0034034247000704456,300,19702784,597,66.76885365076382,8779603968.0,
352,8,1,ok,0.006500768000023527,89777152,0.4378246753246753,0.006345175999967978,0.0066330060000154845,201,26338304,308,67.47998063007677,17559207936.0,
352,16,1,ok,0.011785509999981514,190342144,0.7920588235294118,0.011603867199983142,0.011820375800016335,105,37544960,170,67.44987416766122,35118415872.0,
352,32,1,ok,0.02267461799999637,366863360,1.5154269662921347,0.022513615800016852,0.0228334922000613,47,61989888,89,67.00795757614824,70236831744.0,
352,64,1,ok,0.044844981500034464,716563456,3.020888888888889,0.04436714180000081,0.045495129299956714,22,108913664,45,67.18633363271866,140473663488.0,
352,95,1,ok,0.09950993649999873,1062458368,6.7633809523809525,0.09911858879999044,0.09998026069996513,10,155005952,21,68.07752844809878,208515594240.0,
352,98,1,ok,0.10628288749995818,1179108352,7.129789473684211,0.10570121099995049,0.10653576580007211,10,159466496,19,67.25456394496892,215100297216.0,
352,128,1,ok,0.13288765100003275,1417798656,8.89075,0.1326787667000417,0.13399017460003507,10,204596224,16,67.15414546887204,280947326976.0,
352,167,1,ok,0.17965524550004375,1902220288,11.828583333333334,0.1785765244000231,0.18055337419997386,10,262059008,12,66.08675204584208,366548465664.0,
352,256,1,ok,0.27057219549999445,2819744768,17.795125,0.2686462526000241,0.27137182239998764,10,395437056,8,66.21242718121123,561894653952.0,
384,1,0,ok,0.0010371149999741647,24962048,0.07031726283048212,0.0009365709000007883,0.0010901976000241122,300,15524864,1929,66.93682749632693,2612054016.0,
384,2,0,ok,0.0019587204999993446,36168704,0.13241780821917806,0.0018837990999827526,0.0020086344999867833,300,17294336,1022,67.22103084688337,5224108032.0,
384,4,0,ok,0.003696131999959107,58582016,0.2499963099630996,0.0036288787999524176,0.003784819199984213,300,20833280,542,67.04706712375773,10448216064.0,
384,8,0,ok,0.007396216999950411,103932928,0.4999261992619926,0.007256092400029957,0.007512637199943129,179,28435456,271,67.70854843133488,20896432128.0,
384,16,0,ok,0.013704406500039568,227664896,0.9256301369863014,0.013551462800023728,0.01377925379995304,88,43115520,146,67.90652396188884,41792864256.0,
384,32,0,ok,0.026603389999991123,436286464,1.781671052631579,0.026484613200022978,0.02680633299994497,37,70378496,76,66.93112045865577,83585728512.0,
384,64,0,ok,0.05246433650000881,857433088,3.4718205128205133,0.05204683059998842,0.05279816479999226,18,127001600,39,66.15041676523796,167171457024.0,
384,95,1,ok,0.11554846650000172,1273271296,7.5313888888888885,0.11518768400006821,0.1166384329999687,10,181855232,18,64.90670413573888,248145131520.0,
384,98,1,ok,0.12387591100002737,1415490560,7.958235294117647,0.12291302639999913,0.1247431397999776,10,187819008,17,64.32086563233034,255981293568.0,
384,128,0,ok,0.154340636000029,1699865600,10.434923076923077,0.15301567469998645,0.15585216180005546,10,240247808,13,67.46332629025986,334342914048.0,
384,167,1,ok,0.20983286199998474,2284577792,14.202699999999998,0.20932089120004777,0.21015624150002168,10,309453824,10,67.61267819535834,436213020672.0,
384,256,0,ok,0.31666865400001143,3384312832,20.296142857142858,0.31577870330002045,0.31757850019994294,10,466740224,7,64.27181382592617,668685828096.0,
400,1,1,ok,0.001072286000010081,25915392,0.07258413719185423,0.0010141797999494884,0.001092975800008844,300,15675392,1866,66.265486410327,2834233344.0,
400,2,1,ok,0.002107409500013091,38566912,0.14225157894736842,0.0020680659000163358,0.0021587210000006962,300,17595392,950,66.76640817113369,5668466688.0,
400,4,1,ok,0.004049132999966787,63378432,0.27317611336032394,0.003966873800084159,0.004116955199958738,300,21435392,494,67.25595396341548,11336933376.0,
400,8,1,ok,0.008162455999922713,113001472,0.520321138211382,0.007917442399980245,0.008257857600074203,165,29115392,246,64.20496097942885,22673866752.0,
400,16,1,ok,0.014876998000033836,257647616,1.002362962962963,0.014850615299906167,0.01497034100007113,80,45212672,135,67.34018814769755,45347733504.0,
400,32,1,ok,0.029332282000041232,498500608,1.9745217391304346,0.02919533680001223,0.029570139199927327,33,75195392,69,67.17811213501379,90695467008.0,
400,64,1,ok,0.05900777199997265,983032832,4.004852941176471,0.05856537749997415,0.05946019849994855,16,137487360,34,67.82675031870541,181390934016.0,
400,95,1,ok,0.13147087100003318,1459514368,8.8910625,0.13059486619997643,0.13254222579998895,10,196207616,16,67.6691871384343,269252167680.0,
400,98,1,ok,0.14080830400001787,1627395072,9.494866666666667,0.1400907586998983,0.14138574129997322,10,202499072,15,67.48676215362741,277754867712.0,
400,128,1,ok,0.17558626200002436,1948582912,11.897,0.17426544429991964,0.17653397409999344,10,259515392,12,67.82320409793151,362781868032.0,
400,167,1,ok,0.2369511224999883,2622163968,15.821222222222222,0.2364713144999655,0.2378286650000291,10,334619648,9,66.80881813621325,473316968448.0,
400,256,1,ok,0.35832737499998757,3882025984,24.863,0.3568679089999591,0.35971333190005905,10,505275392,6,69.41848270866728,725563736064.0,
512,1,0,ok,0.001741138999989289,33678336,0.11791209747606614,0.0017124138999633943,0.0017906037999296132,300,16901120,1149,67.14776868379931,4643407872.0,
512,2,0,ok,0.003337909999970634,53601280,0.23646499999999998,0.003302640700064785,0.0034010683000815336,300,20046848,600,69.64665000212158,9286815744.0,
512,4,0,ok,0.0066347089999680975,93447168,0.4446258278145695,0.006568366399960723,0.0067483022000033085,197,26338304,302,66.6717660353359,18573631488.0,
512,8,0,ok,0.012901964500031227,173138944,0.8650961538461539,0.012678928399964207,0.012991090699995312,104,38921216,156,67.24937006281073,37147262976.0,
512,16,0,ok,0.02342594399999598,399760384,1.5744534883720929,0.02320392859992353,0.023532652799963215,45,64087040,86,67.2449148287231,74294525952.0,
512,32,0,ok,0.04676271900007123,784380928,3.1503953488372094,0.04642673899991223,0.04706906000001254,21,114418688,43,67.17724353729558,148589051904.0,
512,64,0,ok,0.09374906250002368,1553622016,6.1534545454545455,0.09322962880000887,0.09535179000002927,10,215081984,22,65.34644047566418,297178103808.0,
512,95,1,ok,0.20726992350000728,2314474496,13.5261,0.20693744459999835,0.20768896979994905,10,313648128,10,65.2607310273062,441123747840.0,
512,98,1,ok,0.22276108350001778,2575363072,15.044333333333334,0.22240102849998494,0.22366593320001585,10,322036736,9,67.5874581416325,455053971456.0,
512,128,0,ok,0.27744451999996045,3092374528,18.67225,0.2767947843000229,0.27891765750001696,10,416408576,8,67.19318263613148,594356207616.0,
512,167,1,ok,0.3770652430000041,4162079744,24.831500000000002,0.3743381354999542,0.3780858481000564,10,540140544,6,66.04071761900582,775449114624.0,
512,256,0,ok,0.5657640294999737,6169068544,37.9118,0.563912551600015,0.5670411100000365,10,819061760,5,67.1082842013824,1188712415232.0,
